building_id,room_id,room_name,Hour,Length of Class
1,55,115 Classroom,465,60
1,55,115 Classroom,1020,120
1,55,115 Classroom,840,120
1,55,115 Classroom,540,120
1,55,115 Classroom,765,60
1,55,115 Classroom,690,60
2,33,009 Classroom,540,60
2,33,009 Classroom,690,60
2,33,009 Classroom,765,60
2,33,009 Classroom,615,60
2,33,009 Classroom,840,60
2,33,009 Classroom,1080,120
2,5,127 Classroom,495,180
2,5,127 Classroom,690,90
2,5,127 Classroom,915,60
2,5,127 Classroom,840,60
2,6,128 Classroom,840,60
2,6,128 Classroom,615,60
2,6,128 Classroom,540,60
2,6,128 Classroom,690,60
2,6,128 Classroom,1065,60
2,6,128 Classroom,765,60
2,10,151 Classroom,1080,60
2,10,151 Classroom,840,60
2,10,151 Classroom,615,60
2,10,151 Classroom,540,60
2,10,151 Classroom,900,120
2,10,151 Classroom,690,135
2,12,153 Computer Lab,915,60
2,12,153 Computer Lab,765,60
2,12,153 Computer Lab,990,60
2,12,153 Computer Lab,540,60
2,12,153 Computer Lab,615,60
2,12,153 Computer Lab,690,60
2,14,156 Classroom,690,60
2,14,156 Classroom,990,60
2,14,156 Classroom,1080,60
2,14,156 Classroom,465,60
2,14,156 Classroom,840,60
2,14,156 Classroom,765,60
2,14,156 Classroom,615,60
2,15,157 Classroom,690,60
2,15,157 Classroom,540,60
2,15,157 Classroom,765,60
2,15,157 Classroom,615,60
2,15,157 Classroom,1020,120
2,24,202 Classroom,1065,120
2,24,202 Classroom,915,60
2,24,202 Classroom,615,60
2,24,202 Classroom,465,60
2,24,202 Classroom,840,60
2,24,202 Classroom,765,60
2,25,204 Classroom,1050,120
2,25,204 Classroom,690,60
2,25,204 Classroom,990,60
2,25,204 Classroom,540,60
2,25,204 Classroom,765,60
2,25,204 Classroom,615,60
2,25,204 Classroom,840,60
2,25,204 Classroom,465,60
2,1269,204/206 Classroom Combo,1050,120
2,1269,204/206 Classroom Combo,690,60
2,1269,204/206 Classroom Combo,990,60
2,1269,204/206 Classroom Combo,540,60
2,1269,204/206 Classroom Combo,915,60
2,1269,204/206 Classroom Combo,690,60
2,1269,204/206 Classroom Combo,765,60
2,1269,204/206 Classroom Combo,615,60
2,1269,204/206 Classroom Combo,540,60
2,1269,204/206 Classroom Combo,615,60
2,1269,204/206 Classroom Combo,840,60
2,1269,204/206 Classroom Combo,840,60
2,1269,204/206 Classroom Combo,465,60
2,1269,204/206 Classroom Combo,765,60
2,26,206 Classroom,1050,120
2,26,206 Classroom,915,60
2,26,206 Classroom,690,60
2,26,206 Classroom,615,60
2,26,206 Classroom,540,60
2,26,206 Classroom,840,60
2,26,206 Classroom,765,60
2,28,210 Classroom,975,45
2,28,210 Classroom,690,60
2,28,210 Classroom,765,60
2,28,210 Classroom,615,60
2,28,210 Classroom,840,60
2,28,210 Classroom,915,60
2,28,210 Classroom,465,60
2,28,210 Classroom,540,60
2,28,210 Classroom,1050,120
2,1268,210/212 Classroom Combo,975,45
2,1268,210/212 Classroom Combo,690,60
2,1268,210/212 Classroom Combo,765,60
2,1268,210/212 Classroom Combo,615,60
2,1268,210/212 Classroom Combo,840,60
2,1268,210/212 Classroom Combo,915,60
2,1268,210/212 Classroom Combo,465,60
2,1268,210/212 Classroom Combo,540,60
2,1268,210/212 Classroom Combo,1050,120
2,1268,210/212 Classroom Combo,615,60
2,1268,210/212 Classroom Combo,690,60
2,1268,210/212 Classroom Combo,915,60
2,1268,210/212 Classroom Combo,840,60
2,1268,210/212 Classroom Combo,765,60
2,1268,210/212 Classroom Combo,540,60
2,1268,210/212 Classroom Combo,465,60
2,29,212 Classroom,615,60
2,29,212 Classroom,690,60
2,29,212 Classroom,915,60
2,29,212 Classroom,840,60
2,29,212 Classroom,765,60
2,29,212 Classroom,540,60
2,29,212 Classroom,465,60
2,30,213 Classroom,465,60
2,30,213 Classroom,540,60
2,30,213 Classroom,765,60
2,30,213 Classroom,615,60
2,30,213 Classroom,1050,120
2,30,213 Classroom,840,60
2,30,213 Classroom,690,60
2,30,213 Classroom,915,60
2,31,214 Classroom,690,60
2,31,214 Classroom,555,120
2,31,214 Classroom,915,120
2,31,214 Classroom,840,60
2,31,214 Classroom,765,60
2,32,221 Classroom,615,60
2,32,221 Classroom,840,60
2,32,221 Classroom,690,60
2,32,221 Classroom,765,60
2,32,221 Classroom,915,60
2,32,221 Classroom,1050,60
2,32,221 Classroom,480,120
3,63,108 Classroom,540,60
3,63,108 Classroom,1020,120
3,63,108 Classroom,960,60
3,63,108 Classroom,690,60
3,63,108 Classroom,765,60
3,63,108 Classroom,615,60
3,63,108 Classroom,840,60
3,757,108/110 Classroom,540,60
3,757,108/110 Classroom,1020,120
3,757,108/110 Classroom,960,60
3,757,108/110 Classroom,540,60
3,757,108/110 Classroom,615,60
3,757,108/110 Classroom,690,60
3,757,108/110 Classroom,765,60
3,757,108/110 Classroom,915,60
3,757,108/110 Classroom,840,60
3,757,108/110 Classroom,690,60
3,757,108/110 Classroom,765,60
3,757,108/110 Classroom,615,60
3,757,108/110 Classroom,840,60
3,65,110 Classroom,1020,120
3,65,110 Classroom,540,60
3,65,110 Classroom,615,60
3,65,110 Classroom,690,60
3,65,110 Classroom,765,60
3,65,110 Classroom,915,60
3,65,110 Classroom,840,60
3,68,124 Classroom,915,60
3,68,124 Classroom,1020,120
3,68,124 Classroom,615,60
3,68,124 Classroom,540,60
3,68,124 Classroom,465,60
3,68,124 Classroom,690,60
3,68,124 Classroom,765,60
3,68,124 Classroom,840,60
3,68,124 Classroom,975,45
3,69,133 Classroom,840,120
3,69,133 Classroom,675,45
3,69,133 Classroom,750,60
3,69,133 Classroom,615,60
3,69,133 Classroom,540,60
3,72,154 Classroom,540,60
3,72,154 Classroom,840,60
3,72,154 Classroom,765,60
3,457,1FF Foyer,630,30
3,74,216 Conference Room (Biology Dept),840,60
3,74,216 Conference Room (Biology Dept),615,60
3,74,216 Conference Room (Biology Dept),540,60
3,75,219 Lecture Hall,465,60
3,75,219 Lecture Hall,540,60
3,75,219 Lecture Hall,615,60
3,75,219 Lecture Hall,690,60
3,75,219 Lecture Hall,765,60
3,75,219 Lecture Hall,840,60
3,75,219 Lecture Hall,915,60
3,79,224 Lecture Hall,765,60
3,79,224 Lecture Hall,540,60
3,79,224 Lecture Hall,840,60
3,79,224 Lecture Hall,615,60
3,79,224 Lecture Hall,690,60
3,80,229 Computer Lab,915,180
3,82,236 Soils Lab,765,60
3,82,236 Soils Lab,690,60
3,82,236 Soils Lab,840,180
3,82,236 Soils Lab,540,60
3,84,269 Classroom,540,60
3,84,269 Classroom,615,60
3,84,269 Classroom,690,60
3,84,269 Classroom,465,60
3,84,269 Classroom,765,60
3,84,269 Classroom,840,60
3,84,269 Classroom,1110,90
3,85,270 Lecture Hall,690,60
3,85,270 Lecture Hall,540,60
3,85,270 Lecture Hall,765,60
3,85,270 Lecture Hall,840,60
3,85,270 Lecture Hall,465,60
3,85,270 Lecture Hall,615,60
3,86,271 Classroom,765,60
3,86,271 Classroom,840,60
3,86,271 Classroom,915,60
3,86,271 Classroom,465,60
3,86,271 Classroom,540,60
3,86,271 Classroom,690,60
3,86,271 Classroom,615,60
3,94,287 Lecture Hall,615,60
3,94,287 Lecture Hall,690,60
3,94,287 Lecture Hall,840,60
3,94,287 Lecture Hall,540,60
3,94,287 Lecture Hall,765,60
3,94,287 Lecture Hall,465,60
47,856,212 Conference Room,540,60
47,856,212 Conference Room,660,720
47,855,251 Conference Room,900,60
47,855,251 Conference Room,870,30
45,601,Court 03,465,60
45,601,Court 03,390,60
45,601,Court 03,1080,330
45,602,Court 04,390,60
45,602,Court 04,660,120
45,602,Court 04,900,180
45,602,Court 04,1080,330
45,603,Court 05,390,60
45,603,Court 05,675,15
45,603,Court 05,900,180
45,603,Court 05,1080,330
45,604,Court 06,660,120
45,604,Court 06,390,60
45,604,Court 06,900,180
45,604,Court 06,1080,330
45,605,Court 07,390,60
45,605,Court 07,675,15
45,605,Court 07,900,180
45,605,Court 07,1080,330
45,606,Court 08,660,120
45,606,Court 08,390,60
45,607,Court 09,660,120
45,607,Court 09,540,60
45,607,Court 09,1080,330
45,608,Court 10,660,120
45,608,Court 10,1080,330
45,635,Courts 1-10,390,60
45,635,Courts 1-10,465,60
45,635,Courts 1-10,390,60
45,635,Courts 1-10,660,120
45,635,Courts 1-10,660,120
45,635,Courts 1-10,660,120
45,635,Courts 1-10,660,120
45,635,Courts 1-10,660,120
45,635,Courts 1-10,390,60
45,635,Courts 1-10,390,60
45,635,Courts 1-10,390,60
45,635,Courts 1-10,390,60
45,635,Courts 1-10,540,60
45,635,Courts 1-10,675,15
45,635,Courts 1-10,675,15
45,635,Courts 1-10,900,180
45,635,Courts 1-10,900,180
45,635,Courts 1-10,900,180
45,635,Courts 1-10,900,180
45,635,Courts 1-10,1080,330
45,635,Courts 1-10,1080,330
45,635,Courts 1-10,1080,330
45,635,Courts 1-10,1080,330
45,635,Courts 1-10,1080,330
45,635,Courts 1-10,1080,330
45,635,Courts 1-10,1080,330
4,117,112 Classroom,765,60
4,117,112 Classroom,540,120
4,117,112 Classroom,840,60
4,117,112 Classroom,960,75
4,118,114 Classroom,585,90
4,118,114 Classroom,840,60
4,118,114 Classroom,690,90
4,118,114 Classroom,900,210
4,118,114 Classroom,510,60
4,1233,121 Classroom,480,540
4,1234,127 Classroom,480,90
4,1234,127 Classroom,585,90
4,1234,127 Classroom,840,120
4,1234,127 Classroom,690,90
4,1234,127 Classroom,1080,90
4,1235,127/133 Classroom Combo,840,180
4,1235,127/133 Classroom Combo,690,60
4,1235,127/133 Classroom Combo,765,60
4,1235,127/133 Classroom Combo,480,90
4,1235,127/133 Classroom Combo,585,90
4,1235,127/133 Classroom Combo,480,90
4,1235,127/133 Classroom Combo,585,90
4,1235,127/133 Classroom Combo,840,120
4,1235,127/133 Classroom Combo,690,90
4,1235,127/133 Classroom Combo,1080,90
4,121,133 Classroom,840,180
4,121,133 Classroom,690,60
4,121,133 Classroom,765,60
4,121,133 Classroom,480,90
4,121,133 Classroom,585,90
4,122,135 Classroom,615,60
4,122,135 Classroom,690,90
4,122,135 Classroom,840,120
4,122,135 Classroom,480,120
4,123,139 Classroom,885,120
4,123,139 Classroom,690,60
4,123,139 Classroom,540,60
4,123,139 Classroom,615,60
4,123,139 Classroom,765,60
4,123,139 Classroom,1020,60
4,124,141 Classroom - laptop,615,60
4,124,141 Classroom - laptop,840,60
4,124,141 Classroom - laptop,915,60
4,124,141 Classroom - laptop,765,60
4,124,141 Classroom - laptop,480,120
4,124,141 Classroom - laptop,690,60
4,125,143 Classroom,690,60
4,125,143 Classroom,795,90
4,125,143 Classroom,540,60
4,125,143 Classroom,915,60
4,125,143 Classroom,615,60
4,126,148 Classroom,690,60
4,126,148 Classroom,600,60
4,126,148 Classroom,795,90
4,418,149 Classroom,690,60
4,418,149 Classroom,765,60
4,418,149 Classroom,615,60
4,418,149 Classroom,540,60
4,418,149 Classroom,840,210
4,419,214 Classroom,915,90
4,419,214 Classroom,480,90
4,419,214 Classroom,795,90
4,419,214 Classroom,690,90
4,420,216 Classroom,540,60
4,420,216 Classroom,840,60
4,420,216 Classroom,690,60
4,420,216 Classroom,765,60
4,420,216 Classroom,615,60
4,860,225 Classroom,540,60
4,860,225 Classroom,990,30
4,860,225 Classroom,840,60
4,860,225 Classroom,615,60
4,860,225 Classroom,765,60
4,860,225 Classroom,690,60
4,861,229 Classroom,915,60
4,861,229 Classroom,615,60
4,861,229 Classroom,690,60
4,861,229 Classroom,765,60
4,861,229 Classroom,840,60
4,862,235 Classroom,540,60
4,862,235 Classroom,690,90
4,862,235 Classroom,615,60
4,862,235 Classroom,885,15
4,862,235 Classroom,795,90
4,864,235/239 Classroom Combo,690,90
4,864,235/239 Classroom Combo,480,90
4,864,235/239 Classroom Combo,540,60
4,864,235/239 Classroom Combo,690,90
4,864,235/239 Classroom Combo,585,90
4,864,235/239 Classroom Combo,615,60
4,864,235/239 Classroom Combo,885,15
4,864,235/239 Classroom Combo,795,90
4,864,235/239 Classroom Combo,795,90
4,863,239 Classroom,690,90
4,863,239 Classroom,480,90
4,863,239 Classroom,585,90
4,863,239 Classroom,885,15
4,863,239 Classroom,795,90
4,903,269 Classroom - Infant,615,60
4,903,269 Classroom - Infant,840,240
4,903,269 Classroom - Infant,765,60
4,135,317 Classroom,840,60
4,135,317 Classroom,585,90
4,135,317 Classroom,690,90
4,136,319 Classroom,915,60
4,136,319 Classroom,765,60
4,136,319 Classroom,690,60
4,136,319 Classroom,840,60
4,136,319 Classroom,540,60
4,136,319 Classroom,615,60
4,139,323 Classroom,765,60
4,139,323 Classroom,840,60
4,139,323 Classroom,915,60
4,139,323 Classroom,480,120
4,139,323 Classroom,615,60
4,139,323 Classroom,690,60
4,140,329 Classroom,840,60
4,140,329 Classroom,915,60
4,140,329 Classroom,765,60
4,140,329 Classroom,690,60
4,140,329 Classroom,615,60
4,1230,337 Classroom with dining capabilities,480,90
4,1230,337 Classroom with dining capabilities,690,60
4,1230,337 Classroom with dining capabilities,585,90
4,1230,337 Classroom with dining capabilities,765,120
4,144,341 Classroom,1035,60
4,144,341 Classroom,915,60
4,144,341 Classroom,690,60
4,144,341 Classroom,465,60
4,144,341 Classroom,840,60
4,144,341 Classroom,540,60
4,144,341 Classroom,615,60
4,144,341 Classroom,765,60
4,1272,341/343 Classrooom Combo,1035,60
4,1272,341/343 Classrooom Combo,915,60
4,1272,341/343 Classrooom Combo,690,60
4,1272,341/343 Classrooom Combo,690,60
4,1272,341/343 Classrooom Combo,765,60
4,1272,341/343 Classrooom Combo,465,60
4,1272,341/343 Classrooom Combo,615,60
4,1272,341/343 Classrooom Combo,840,60
4,1272,341/343 Classrooom Combo,540,60
4,1272,341/343 Classrooom Combo,615,60
4,1272,341/343 Classrooom Combo,765,60
4,1272,341/343 Classrooom Combo,465,60
4,1272,341/343 Classrooom Combo,540,60
4,1231,343 Classroom ,690,60
4,1231,343 Classroom ,765,60
4,1231,343 Classroom ,615,60
4,1231,343 Classroom ,465,60
4,1231,343 Classroom ,540,60
4,146,351 Classroom ,1020,90
4,146,351 Classroom ,690,60
4,146,351 Classroom ,915,90
4,146,351 Classroom ,840,60
4,146,351 Classroom ,765,60
4,146,351 Classroom ,585,90
24,407,Sports Complex Field 2,360,150
24,402,Stadium Field,465,60
24,402,Stadium Field,360,105
24,423,Stadium Field and Track,465,60
24,423,Stadium Field and Track,360,105
5,173,141 Classroom ,1200,60
5,173,141 Classroom ,840,60
5,173,141 Classroom ,975,30
5,173,141 Classroom ,915,60
5,173,141 Classroom ,645,30
5,173,141 Classroom ,690,60
5,173,141 Classroom ,585,60
5,175,146 Exercise Physiology Lab,765,120
5,175,146 Exercise Physiology Lab,915,120
5,177,154 Classroom,615,60
5,177,154 Classroom,765,60
5,177,154 Classroom,690,60
5,177,154 Classroom,540,60
5,177,154 Classroom,840,60
5,179,170 Classroom,690,60
5,179,170 Classroom,465,60
5,179,170 Classroom,540,60
5,188,204 Footwork Studio,615,60
5,188,204 Footwork Studio,765,60
5,188,204 Footwork Studio,540,60
5,188,204 Footwork Studio,840,60
5,188,204 Footwork Studio,1080,240
5,188,204 Footwork Studio,915,165
5,188,204 Footwork Studio,690,60
5,1319,215 Swimming Pool (combined lanes),360,60
5,1319,215 Swimming Pool (combined lanes),540,120
5,1319,215 Swimming Pool (combined lanes),825,45
5,1319,215 Swimming Pool (combined lanes),690,60
5,1319,215 Swimming Pool (combined lanes),765,60
5,1319,215 Swimming Pool (combined lanes),465,60
5,1319,215 Swimming Pool (combined lanes),960,390
5,1320,215-L1 Swimming Pool - Lane 1,360,60
5,1320,215-L1 Swimming Pool - Lane 1,540,120
5,1320,215-L1 Swimming Pool - Lane 1,825,45
5,1320,215-L1 Swimming Pool - Lane 1,690,60
5,1320,215-L1 Swimming Pool - Lane 1,765,60
5,1320,215-L1 Swimming Pool - Lane 1,465,60
5,1320,215-L1 Swimming Pool - Lane 1,960,390
5,1321,215-L2 Swimming Pool - Lane 2,360,60
5,1321,215-L2 Swimming Pool - Lane 2,540,120
5,1321,215-L2 Swimming Pool - Lane 2,825,45
5,1321,215-L2 Swimming Pool - Lane 2,690,60
5,1321,215-L2 Swimming Pool - Lane 2,765,60
5,1321,215-L2 Swimming Pool - Lane 2,465,60
5,1321,215-L2 Swimming Pool - Lane 2,960,390
5,1322,215-L3 Swimming Pool - Lane 3,360,60
5,1322,215-L3 Swimming Pool - Lane 3,540,120
5,1322,215-L3 Swimming Pool - Lane 3,825,45
5,1322,215-L3 Swimming Pool - Lane 3,690,60
5,1322,215-L3 Swimming Pool - Lane 3,765,60
5,1322,215-L3 Swimming Pool - Lane 3,465,60
5,1322,215-L3 Swimming Pool - Lane 3,960,390
5,1323,215-L4 Swimming Pool - Lane 4,360,60
5,1323,215-L4 Swimming Pool - Lane 4,540,120
5,1323,215-L4 Swimming Pool - Lane 4,825,45
5,1323,215-L4 Swimming Pool - Lane 4,690,60
5,1323,215-L4 Swimming Pool - Lane 4,765,60
5,1323,215-L4 Swimming Pool - Lane 4,465,60
5,1323,215-L4 Swimming Pool - Lane 4,960,390
5,1324,215-L5 Swimming Pool - Lane 5,360,60
5,1324,215-L5 Swimming Pool - Lane 5,540,120
5,1324,215-L5 Swimming Pool - Lane 5,825,45
5,1324,215-L5 Swimming Pool - Lane 5,690,60
5,1324,215-L5 Swimming Pool - Lane 5,765,60
5,1324,215-L5 Swimming Pool - Lane 5,465,60
5,1324,215-L5 Swimming Pool - Lane 5,960,390
5,1325,215-L6 Swimming Pool - Lane 6,360,60
5,1325,215-L6 Swimming Pool - Lane 6,540,120
5,1325,215-L6 Swimming Pool - Lane 6,825,45
5,1325,215-L6 Swimming Pool - Lane 6,690,60
5,1325,215-L6 Swimming Pool - Lane 6,765,60
5,1325,215-L6 Swimming Pool - Lane 6,465,60
5,1325,215-L6 Swimming Pool - Lane 6,960,390
5,193,234 Fitness Studio,1020,60
5,193,234 Fitness Studio,1080,60
5,193,234 Fitness Studio,1140,60
5,193,234 Fitness Studio,1260,60
5,193,234 Fitness Studio,1200,60
5,193,234 Fitness Studio,690,120
5,193,234 Fitness Studio,465,60
5,193,234 Fitness Studio,840,60
5,193,234 Fitness Studio,540,60
5,193,234 Fitness Studio,615,60
5,194,250 Auditorium (gym/stage combo),60,1350
5,429,250 Hart Gym,60,1350
5,428,250B Hart Stage,60,1350
6,147,145 Classroom,765,60
6,147,145 Classroom,840,60
6,147,145 Classroom,615,60
6,147,145 Classroom,690,60
6,147,145 Classroom,1065,60
6,148,157 Classroom,465,60
6,148,157 Classroom,540,60
6,148,157 Classroom,615,60
6,148,157 Classroom,765,60
6,148,157 Classroom,840,60
6,148,157 Classroom,1065,60
6,148,157 Classroom,690,60
6,149,171 Classroom,915,60
6,149,171 Classroom,840,60
6,149,171 Classroom,690,60
6,149,171 Classroom,1065,60
6,149,171 Classroom,765,60
6,150,185 Classroom,765,60
6,150,185 Classroom,840,60
6,150,185 Classroom,615,60
6,150,185 Classroom,690,60
6,150,185 Classroom,1065,60
6,151,203 Classroom,1140,90
6,151,203 Classroom,615,60
6,151,203 Classroom,465,60
6,151,203 Classroom,1065,60
6,151,203 Classroom,540,60
6,151,203 Classroom,765,60
6,151,203 Classroom,840,60
6,151,203 Classroom,915,60
6,151,203 Classroom,690,60
6,153,209 Classroom,1110,120
6,153,209 Classroom,840,60
6,153,209 Classroom,615,60
6,153,209 Classroom,690,60
6,154,221 Classroom,1110,210
6,154,221 Classroom,615,60
6,154,221 Classroom,540,60
6,154,221 Classroom,765,60
6,154,221 Classroom,690,60
6,154,221 Classroom,465,60
6,155,227 Classroom,1140,90
6,155,227 Classroom,765,60
6,155,227 Classroom,540,60
6,155,227 Classroom,615,60
6,155,227 Classroom,840,60
6,155,227 Classroom,1065,60
6,155,227 Classroom,690,60
6,870,240/260 Chapel and One Overflow Section,690,60
6,870,240/260 Chapel and One Overflow Section,765,60
6,870,240/260 Chapel and One Overflow Section,1005,60
6,870,240/260 Chapel and One Overflow Section,1125,15
6,447,240/260/270 Chapel and Overflow,915,60
6,447,240/260/270 Chapel and Overflow,690,60
6,447,240/260/270 Chapel and Overflow,690,60
6,447,240/260/270 Chapel and Overflow,765,60
6,447,240/260/270 Chapel and Overflow,765,60
6,447,240/260/270 Chapel and Overflow,1005,60
6,447,240/260/270 Chapel and Overflow,1125,15
6,157,245 Classroom,1140,90
6,157,245 Classroom,765,60
6,157,245 Classroom,690,60
6,157,245 Classroom,615,60
6,157,245 Classroom,540,60
6,157,245 Classroom,465,60
6,157,245 Classroom,1065,60
6,157,245 Classroom,840,60
6,159,257 Classroom,1140,90
6,159,257 Classroom,615,60
6,159,257 Classroom,765,60
6,159,257 Classroom,540,60
6,159,257 Classroom,465,60
6,159,257 Classroom,1065,60
6,159,257 Classroom,690,60
6,160,260 Gym ,690,60
6,160,260 Gym ,765,60
6,160,260 Gym ,1005,60
6,160,260 Gym ,1125,15
6,430,260/270 Gym,915,60
6,430,260/270 Gym,690,60
6,430,260/270 Gym,690,60
6,430,260/270 Gym,765,60
6,430,260/270 Gym,765,60
6,430,260/270 Gym,1005,60
6,430,260/270 Gym,1125,15
6,161,270 Gym,915,60
6,161,270 Gym,690,60
6,161,270 Gym,765,60
6,161,270 Gym,1005,60
6,161,270 Gym,1125,15
6,162,271 Classroom,1140,90
6,162,271 Classroom,915,60
6,162,271 Classroom,840,60
6,162,271 Classroom,690,60
6,162,271 Classroom,540,60
6,162,271 Classroom,765,60
6,163,277 Classroom,1140,90
6,163,277 Classroom,690,60
6,163,277 Classroom,765,255
6,163,277 Classroom,540,135
6,165,286 Multipurpose,615,60
6,165,286 Multipurpose,1110,30
6,165,286 Multipurpose,765,60
6,165,286 Multipurpose,840,60
6,165,286 Multipurpose,540,60
6,165,286 Multipurpose,690,60
6,167,307 Classroom,1140,90
6,167,307 Classroom,765,60
6,167,307 Classroom,690,60
6,167,307 Classroom,840,90
6,168,333 Classroom,540,60
6,168,333 Classroom,615,60
6,168,333 Classroom,945,60
6,168,333 Classroom,765,120
6,758,333/335 Combined Classrooms,540,60
6,758,333/335 Combined Classrooms,540,60
6,758,333/335 Combined Classrooms,690,90
6,758,333/335 Combined Classrooms,615,60
6,758,333/335 Combined Classrooms,795,90
6,758,333/335 Combined Classrooms,990,60
6,758,333/335 Combined Classrooms,945,60
6,758,333/335 Combined Classrooms,765,120
6,169,335 Classroom,540,60
6,169,335 Classroom,690,90
6,169,335 Classroom,795,90
6,169,335 Classroom,990,60
6,170,371 Classroom,1140,90
6,170,371 Classroom,615,60
6,170,371 Classroom,840,60
6,170,371 Classroom,690,60
6,170,371 Classroom,540,60
6,170,371 Classroom,915,60
6,170,371 Classroom,765,60
6,171,381 Classroom,690,60
6,171,381 Classroom,915,60
6,759,381/383 Combined Classrooms,690,60
6,759,381/383 Combined Classrooms,690,60
6,759,381/383 Combined Classrooms,540,60
6,759,381/383 Combined Classrooms,840,60
6,759,381/383 Combined Classrooms,615,60
6,759,381/383 Combined Classrooms,915,60
6,759,381/383 Combined Classrooms,915,60
6,172,383 Classroom,690,60
6,172,383 Classroom,540,60
6,172,383 Classroom,840,60
6,172,383 Classroom,615,60
6,172,383 Classroom,915,60
8,201,138 Conference Room,600,240
8,201,138 Conference Room,900,120
8,201,138 Conference Room,1140,60
8,207,243 Conference Room,1140,60
8,208,245 Classroom,540,60
8,208,245 Classroom,615,60
8,208,245 Classroom,1140,60
8,208,245 Classroom,765,60
8,209,268 Conference  Room,900,120
8,209,268 Conference  Room,630,60
12,532,176A Meeting Room,915,60
12,532,176A Meeting Room,450,30
12,532,176A Meeting Room,780,120
12,535,176B Meeting Room,780,90
12,535,176B Meeting Room,960,60
12,535,176B Meeting Room,690,60
12,535,176B Meeting Room,615,60
12,535,176B Meeting Room,540,60
12,535,176B Meeting Room,900,60
12,536,176C Meeting Room,960,180
12,536,176C Meeting Room,1200,180
12,536,176C Meeting Room,900,60
12,536,176C Meeting Room,540,180
12,536,176C Meeting Room,780,120
12,537,176D Meeting Room,480,360
12,537,176D Meeting Room,915,105
12,411,220 Grand Ballroom,420,30
12,411,220 Grand Ballroom,420,30
12,411,220 Grand Ballroom,420,30
12,411,220 Grand Ballroom,765,60
12,411,220 Grand Ballroom,840,60
12,411,220 Grand Ballroom,690,60
12,411,220 Grand Ballroom,840,60
12,411,220 Grand Ballroom,915,60
12,411,220 Grand Ballroom,990,60
12,411,220 Grand Ballroom,465,60
12,411,220 Grand Ballroom,915,60
12,411,220 Grand Ballroom,990,60
12,411,220 Grand Ballroom,765,60
12,411,220 Grand Ballroom,765,60
12,411,220 Grand Ballroom,585,90
12,411,220 Grand Ballroom,1080,60
12,411,220 Grand Ballroom,480,90
12,411,220 Grand Ballroom,915,165
12,411,220 Grand Ballroom,570,15
12,411,220 Grand Ballroom,585,90
12,236,220A Grand Ballroom Section A,420,30
12,236,220A Grand Ballroom Section A,765,60
12,236,220A Grand Ballroom Section A,840,60
12,236,220A Grand Ballroom Section A,915,60
12,236,220A Grand Ballroom Section A,990,60
12,236,220A Grand Ballroom Section A,1080,60
12,236,220A Grand Ballroom Section A,570,15
12,439,220AB Grand Ballroom Sections A/B,420,30
12,439,220AB Grand Ballroom Sections A/B,420,30
12,439,220AB Grand Ballroom Sections A/B,765,60
12,439,220AB Grand Ballroom Sections A/B,840,60
12,439,220AB Grand Ballroom Sections A/B,840,60
12,439,220AB Grand Ballroom Sections A/B,915,60
12,439,220AB Grand Ballroom Sections A/B,990,60
12,439,220AB Grand Ballroom Sections A/B,915,60
12,439,220AB Grand Ballroom Sections A/B,990,60
12,439,220AB Grand Ballroom Sections A/B,765,60
12,439,220AB Grand Ballroom Sections A/B,1080,60
12,439,220AB Grand Ballroom Sections A/B,480,90
12,439,220AB Grand Ballroom Sections A/B,570,15
12,439,220AB Grand Ballroom Sections A/B,585,90
12,237,220B Grand Ballroom Section B,420,30
12,237,220B Grand Ballroom Section B,840,60
12,237,220B Grand Ballroom Section B,915,60
12,237,220B Grand Ballroom Section B,990,60
12,237,220B Grand Ballroom Section B,765,60
12,237,220B Grand Ballroom Section B,1080,60
12,237,220B Grand Ballroom Section B,480,90
12,237,220B Grand Ballroom Section B,585,90
12,440,220BC Grand Ballroom Sections B and C ,420,30
12,440,220BC Grand Ballroom Sections B and C ,420,30
12,440,220BC Grand Ballroom Sections B and C ,690,60
12,440,220BC Grand Ballroom Sections B and C ,840,60
12,440,220BC Grand Ballroom Sections B and C ,915,60
12,440,220BC Grand Ballroom Sections B and C ,990,60
12,440,220BC Grand Ballroom Sections B and C ,465,60
12,440,220BC Grand Ballroom Sections B and C ,765,60
12,440,220BC Grand Ballroom Sections B and C ,765,60
12,440,220BC Grand Ballroom Sections B and C ,585,90
12,440,220BC Grand Ballroom Sections B and C ,1080,60
12,440,220BC Grand Ballroom Sections B and C ,480,90
12,440,220BC Grand Ballroom Sections B and C ,915,165
12,440,220BC Grand Ballroom Sections B and C ,585,90
12,410,220C Grand Ballroom Section C,420,30
12,410,220C Grand Ballroom Section C,690,60
12,410,220C Grand Ballroom Section C,465,60
12,410,220C Grand Ballroom Section C,765,60
12,410,220C Grand Ballroom Section C,585,90
12,410,220C Grand Ballroom Section C,1080,60
12,410,220C Grand Ballroom Section C,915,165
12,524,231A Crossroads,1020,60
12,530,231B Crossroads Stage,1020,60
12,530,231B Crossroads Stage,600,300
12,472,366 Fireplace Room,720,60
12,472,366 Fireplace Room,915,60
12,472,366 Fireplace Room,600,90
12,538,368 Meeting Room,1140,120
12,538,368 Meeting Room,630,30
12,756,368/369 Meeting Room,1140,120
12,756,368/369 Meeting Room,630,30
12,539,369 Meeting Room,1140,120
12,470,371 Presidents Dining Room,870,150
12,470,371 Presidents Dining Room,705,75
12,470,371 Presidents Dining Room,780,60
12,540,372A Little Theater,1260,30
12,540,372A Little Theater,780,60
12,540,372A Little Theater,420,60
12,540,372A Little Theater,630,120
12,540,372A Little Theater,1080,60
12,541,378 Conference Room,870,210
12,541,378 Conference Room,1170,60
12,541,378 Conference Room,600,60
12,541,378 Conference Room,765,60
12,541,378 Conference Room,540,60
12,541,378 Conference Room,660,60
12,542,380 Meeting Room,540,60
12,542,380 Meeting Room,765,60
12,542,380 Meeting Room,870,90
12,542,380 Meeting Room,465,60
12,542,380 Meeting Room,690,60
12,542,380 Meeting Room,1080,120
12,543,385 Conference Room,870,150
12,543,385 Conference Room,480,120
12,543,385 Conference Room,1020,120
12,543,385 Conference Room,720,60
12,543,385 Conference Room,630,60
12,544,386 Meeting Room,870,150
12,544,386 Meeting Room,660,30
12,487,387 Special Events,780,60
12,683,BTH102 East Mall Booth ,540,60
12,971,BTH206 East Sky Bridge Entrance,1020,120
12,890,BTH212 East Info-Window,0,1439
12,1013,BTH213 East Info ,0,1439
12,877,BTH214 East Info ,0,1439
12,520,BTH215 East Info  ,0,1439
12,519,BTH216 East Info ,0,1439
12,878,BTH217 East Info ,0,1439
12,1012,BTH218 East Info ,0,1439
13,1225,108 Group Study Room,675,63
13,1225,108 Group Study Room,840,120
13,1225,108 Group Study Room,600,75
13,1225,108 Group Study Room,990,90
13,1267,130 Library Meeting Room,780,180
13,1267,130 Library Meeting Room,690,90
13,1267,130 Library Meeting Room,960,180
13,1186,140E Large Group Study Room,667,98
13,1186,140E Large Group Study Room,990,60
13,1186,140E Large Group Study Room,780,180
13,1186,140E Large Group Study Room,1110,60
13,1186,140E Large Group Study Room,585,75
13,764,208 Group Study Room,945,75
13,764,208 Group Study Room,1020,120
13,764,208 Group Study Room,664,52
13,764,208 Group Study Room,540,120
13,765,209 Group Study Room,990,180
13,765,209 Group Study Room,810,60
13,765,209 Group Study Room,870,120
13,765,209 Group Study Room,690,75
13,765,209 Group Study Room,540,120
13,766,250A Group Study Room,690,60
13,766,250A Group Study Room,750,75
13,766,250A Group Study Room,900,120
13,766,250A Group Study Room,600,90
13,247,293 Classroom,765,60
13,247,293 Classroom,840,60
13,247,293 Classroom,690,60
13,247,293 Classroom,465,60
13,247,293 Classroom,615,60
13,247,293 Classroom,1080,60
13,248,294 Classroom,765,60
13,248,294 Classroom,465,60
13,248,294 Classroom,615,60
13,248,294 Classroom,540,60
13,248,294 Classroom,690,60
13,248,294 Classroom,915,60
13,248,294 Classroom,840,60
13,248,294 Classroom,1080,60
13,782,310 Group Study Room,600,60
13,782,310 Group Study Room,686,64
13,782,310 Group Study Room,535,65
13,782,310 Group Study Room,780,120
13,782,310 Group Study Room,1140,60
13,782,310 Group Study Room,945,150
13,808,312 Group Study Room,810,45
13,808,312 Group Study Room,750,60
13,808,312 Group Study Room,855,120
13,808,312 Group Study Room,520,95
13,808,312 Group Study Room,975,180
13,808,312 Group Study Room,1200,180
13,250,364 Computer Lab,615,60
13,250,364 Computer Lab,540,60
14,254,125 Classroom,840,60
14,254,125 Classroom,690,60
14,254,125 Classroom,615,60
14,254,125 Classroom,765,60
14,254,125 Classroom,540,60
14,255,127 Classroom,615,60
14,255,127 Classroom,840,60
14,255,127 Classroom,690,60
14,255,127 Classroom,540,60
14,255,127 Classroom,765,60
14,256,130 Classroom,480,90
14,256,130 Classroom,585,90
14,256,130 Classroom,690,90
14,256,130 Classroom,795,90
14,257,131 Classroom,615,60
14,257,131 Classroom,765,60
14,257,131 Classroom,540,60
14,257,131 Classroom,465,60
14,257,131 Classroom,840,60
14,257,131 Classroom,690,60
14,258,147 Lecture Hall,540,60
14,258,147 Lecture Hall,840,60
14,258,147 Lecture Hall,615,60
14,258,147 Lecture Hall,690,60
14,259,160 Classroom,690,60
14,259,160 Classroom,615,60
14,259,160 Classroom,465,60
14,259,160 Classroom,540,60
14,259,160 Classroom,795,90
14,260,161 Lecture Hall,840,60
14,260,161 Lecture Hall,465,60
14,260,161 Lecture Hall,540,60
14,260,161 Lecture Hall,615,60
14,260,161 Lecture Hall,690,60
14,260,161 Lecture Hall,915,60
14,260,161 Lecture Hall,1140,180
14,261,173 Lecture Hall,540,60
14,261,173 Lecture Hall,615,60
14,261,173 Lecture Hall,1020,120
14,261,173 Lecture Hall,690,60
14,261,173 Lecture Hall,840,60
14,261,173 Lecture Hall,765,60
14,262,178 Classroom,615,60
14,262,178 Classroom,915,60
14,262,178 Classroom,540,60
14,262,178 Classroom,765,60
14,262,178 Classroom,690,60
14,262,178 Classroom,840,60
14,263,180 Classroom,915,60
14,263,180 Classroom,540,60
14,263,180 Classroom,765,60
14,264,186 Classroom,915,60
14,264,186 Classroom,690,60
14,264,186 Classroom,540,60
14,264,186 Classroom,615,60
14,264,186 Classroom,765,60
14,264,186 Classroom,840,60
14,265,211 Classroom,1020,120
14,265,211 Classroom,765,60
14,265,211 Classroom,465,60
14,265,211 Classroom,540,60
14,265,211 Classroom,615,60
14,265,211 Classroom,690,60
14,265,211 Classroom,915,60
14,265,211 Classroom,840,60
14,266,215 Classroom,840,60
14,266,215 Classroom,540,60
14,266,215 Classroom,690,60
14,266,215 Classroom,915,60
14,266,215 Classroom,615,60
14,266,215 Classroom,465,60
14,266,215 Classroom,765,60
14,267,225 Classroom,975,60
14,267,225 Classroom,540,60
14,267,225 Classroom,615,60
14,267,225 Classroom,915,60
14,267,225 Classroom,690,60
14,267,225 Classroom,765,60
14,267,225 Classroom,840,60
14,267,225 Classroom,465,60
14,268,226 Classroom,465,60
14,268,226 Classroom,540,60
14,268,226 Classroom,615,60
14,268,226 Classroom,765,60
14,268,226 Classroom,840,60
14,268,226 Classroom,915,60
14,268,226 Classroom,690,60
14,269,227 Classroom,465,60
14,269,227 Classroom,540,60
14,269,227 Classroom,990,60
14,269,227 Classroom,765,60
14,269,227 Classroom,915,60
14,269,227 Classroom,840,60
14,269,227 Classroom,615,60
14,269,227 Classroom,690,60
14,270,229 Classroom,960,120
14,270,229 Classroom,765,60
14,270,229 Classroom,540,60
14,270,229 Classroom,465,60
14,270,229 Classroom,615,60
14,270,229 Classroom,690,60
14,271,231 Classroom,960,120
14,271,231 Classroom,690,60
14,271,231 Classroom,465,60
14,271,231 Classroom,615,60
14,271,231 Classroom,765,60
14,271,231 Classroom,840,60
14,271,231 Classroom,540,60
14,272,245 Classroom Laptop,690,60
14,272,245 Classroom Laptop,915,60
14,272,245 Classroom Laptop,765,60
14,272,245 Classroom Laptop,990,60
14,272,245 Classroom Laptop,840,60
14,272,245 Classroom Laptop,465,60
14,272,245 Classroom Laptop,540,60
14,272,245 Classroom Laptop,615,60
14,273,247 Classroom,1080,120
14,273,247 Classroom,840,60
14,273,247 Classroom,615,60
14,273,247 Classroom,540,60
14,273,247 Classroom,690,60
14,273,247 Classroom,765,60
14,273,247 Classroom,465,60
14,274,261 Classroom,690,60
14,274,261 Classroom,465,60
14,274,261 Classroom,615,60
14,274,261 Classroom,840,60
14,274,261 Classroom,540,60
14,274,261 Classroom,765,60
14,275,265 Classroom,765,60
14,275,265 Classroom,840,60
14,275,265 Classroom,465,60
14,275,265 Classroom,540,60
14,275,265 Classroom,690,60
14,275,265 Classroom,615,60
14,275,265 Classroom,915,60
14,276,267 Classroom,915,60
14,276,267 Classroom,765,60
14,276,267 Classroom,465,60
14,276,267 Classroom,615,60
14,276,267 Classroom,690,60
14,276,267 Classroom,840,60
14,276,267 Classroom,540,60
14,277,272 Classroom,690,60
14,277,272 Classroom,915,60
14,277,272 Classroom,480,90
14,277,272 Classroom,585,75
14,277,272 Classroom,765,75
14,278,273 Classroom,615,60
14,278,273 Classroom,690,60
14,278,273 Classroom,840,60
14,278,273 Classroom,540,60
14,278,273 Classroom,465,60
14,278,273 Classroom,765,60
14,633,Ricks Patio and Foyer Combination,630,30
16,280,105 Classroom,840,60
16,280,105 Classroom,615,60
16,280,105 Classroom,540,60
16,280,105 Classroom,915,60
16,280,105 Classroom,705,75
16,283,127 Classroom,615,60
16,283,127 Classroom,540,60
16,283,127 Classroom,915,60
16,283,127 Classroom,690,60
16,283,127 Classroom,765,60
16,283,127 Classroom,1065,60
16,285,131 Classroom,840,60
16,285,131 Classroom,945,150
16,285,131 Classroom,615,60
16,285,131 Classroom,765,60
16,285,131 Classroom,540,60
16,286,141 Computer Lab,465,60
16,286,141 Computer Lab,765,60
16,286,141 Computer Lab,615,60
16,286,141 Computer Lab,690,60
16,286,141 Computer Lab,840,60
16,286,141 Computer Lab,540,60
16,287,145 Classroom,540,60
16,287,145 Classroom,465,60
16,287,145 Classroom,690,60
16,287,145 Classroom,615,60
16,287,145 Classroom,1080,60
16,287,145 Classroom,840,60
16,287,145 Classroom,765,60
16,291,172 Lecture Hall,570,30
16,291,172 Lecture Hall,1140,120
16,291,172 Lecture Hall,690,60
16,291,172 Lecture Hall,765,60
16,292,179 Classroom,840,60
16,292,179 Classroom,615,60
16,292,179 Classroom,915,135
16,292,179 Classroom,765,60
16,292,179 Classroom,540,60
16,297,229 Classroom,615,60
16,297,229 Classroom,915,60
16,297,229 Classroom,765,60
16,297,229 Classroom,840,60
16,297,229 Classroom,540,60
16,298,255 Classroom,540,60
16,298,255 Classroom,465,60
16,298,255 Classroom,615,60
16,298,255 Classroom,915,60
16,298,255 Classroom,975,270
16,298,255 Classroom,765,60
16,299,260 Lecture Hall,615,60
16,299,260 Lecture Hall,465,60
16,299,260 Lecture Hall,540,60
16,300,262 Lecture Hall,630,105
16,300,262 Lecture Hall,540,60
16,300,262 Lecture Hall,765,60
16,300,262 Lecture Hall,840,60
16,301,268 Classroom,765,90
16,301,268 Classroom,1020,120
16,301,268 Classroom,540,60
16,301,268 Classroom,615,60
16,302,270 Classroom,540,60
16,302,270 Classroom,765,60
16,302,270 Classroom,615,60
16,302,270 Classroom,690,60
16,302,270 Classroom,915,60
16,433,276 Classroom,885,180
16,433,276 Classroom,585,90
16,433,276 Classroom,690,180
16,305,277 Classroom,690,60
16,305,277 Classroom,615,60
16,305,277 Classroom,1020,120
16,305,277 Classroom,765,60
16,305,277 Classroom,540,60
16,305,277 Classroom,840,60
16,305,277 Classroom,915,60
16,306,279 Classroom,765,60
16,306,279 Classroom,540,60
16,306,279 Classroom,840,60
16,306,279 Classroom,615,60
16,431,297 Classroom,840,60
16,431,297 Classroom,765,60
16,431,297 Classroom,615,60
16,431,297 Classroom,540,60
16,308,299 Classroom,840,60
16,308,299 Classroom,765,60
16,308,299 Classroom,465,60
16,308,299 Classroom,540,60
16,308,299 Classroom,615,60
239,1024,148 Classroom,1080,180
239,1024,148 Classroom,840,60
239,1024,148 Classroom,690,60
239,1024,148 Classroom,615,60
239,1024,148 Classroom,765,60
239,1024,148 Classroom,540,60
239,1024,148 Classroom,915,135
239,1025,152 Classroom,1080,180
239,1025,152 Classroom,615,60
239,1025,152 Classroom,540,60
239,1025,152 Classroom,765,60
239,1025,152 Classroom,840,60
239,1025,152 Classroom,690,60
239,1029,201 Classroom,465,60
239,1029,201 Classroom,540,60
239,1029,201 Classroom,690,60
239,1029,201 Classroom,840,60
239,1029,201 Classroom,915,60
239,1029,201 Classroom,990,120
239,1029,201 Classroom,1110,60
239,1029,201 Classroom,615,60
239,1029,201 Classroom,765,60
239,1177,201/205 Classroom Combo,465,60
239,1177,201/205 Classroom Combo,540,60
239,1177,201/205 Classroom Combo,690,60
239,1177,201/205 Classroom Combo,840,60
239,1177,201/205 Classroom Combo,915,60
239,1177,201/205 Classroom Combo,990,120
239,1177,201/205 Classroom Combo,615,60
239,1177,201/205 Classroom Combo,780,90
239,1177,201/205 Classroom Combo,930,60
239,1177,201/205 Classroom Combo,1110,60
239,1177,201/205 Classroom Combo,615,60
239,1177,201/205 Classroom Combo,765,60
239,1177,201/205 Classroom Combo,540,60
239,1177,201/205 Classroom Combo,690,60
239,1030,205 Classroom,990,120
239,1030,205 Classroom,615,60
239,1030,205 Classroom,780,90
239,1030,205 Classroom,930,60
239,1030,205 Classroom,540,60
239,1030,205 Classroom,690,60
239,1276,207 Study Room,480,120
239,1276,207 Study Room,675,75
239,1276,207 Study Room,825,75
239,1276,207 Study Room,975,135
239,1276,207 Study Room,750,75
239,1203,217  Conference Room,825,90
239,1203,217  Conference Room,660,165
239,1032,221 Classroom - Team Collaboration,840,180
239,1032,221 Classroom - Team Collaboration,615,60
239,1032,221 Classroom - Team Collaboration,690,90
239,1032,221 Classroom - Team Collaboration,480,120
239,1204,223 Study Room,900,180
239,1204,223 Study Room,600,120
239,1204,223 Study Room,1080,120
239,1204,223 Study Room,720,120
239,1204,223 Study Room,840,60
239,1207,225  Conference Room,960,120
239,1207,225  Conference Room,540,150
239,1207,225  Conference Room,750,180
239,1207,225  Conference Room,690,45
239,1205,227 Study Room,780,90
239,1205,227 Study Room,1020,180
239,1205,227 Study Room,600,180
239,1033,231 Classroom,615,60
239,1033,231 Classroom,540,60
239,1033,231 Classroom,765,60
239,1033,231 Classroom,840,60
239,1033,231 Classroom,1020,60
239,1035,243 Computer Lab,540,60
239,1035,243 Computer Lab,765,60
239,1035,243 Computer Lab,840,60
239,1035,243 Computer Lab,615,60
239,1035,243 Computer Lab,690,60
239,1035,243 Computer Lab,990,60
239,1036,252 Classroom,915,60
239,1036,252 Classroom,765,60
239,1037,261 Classroom - Soils,615,120
239,1040,275 Lab - Forage,540,60
239,1040,275 Lab - Forage,690,120
239,1044,290 Classroom,615,60
239,1044,290 Classroom,840,60
239,1044,290 Classroom,915,60
239,1044,290 Classroom,465,60
239,1044,290 Classroom,690,60
239,1044,290 Classroom,540,60
239,1044,290 Classroom,765,60
239,1046,294 Classroom,765,60
239,1046,294 Classroom,465,60
239,1046,294 Classroom,540,60
239,1046,294 Classroom,690,60
239,1046,294 Classroom,615,60
239,1046,294 Classroom,840,60
239,1047,295 Classroom,840,60
239,1047,295 Classroom,1020,60
239,1047,295 Classroom,1080,120
239,1047,295 Classroom,615,60
239,1047,295 Classroom,465,60
239,1047,295 Classroom,540,60
239,1047,295 Classroom,915,90
239,1047,295 Classroom,690,120
239,1048,310L Classroom - Conference Room,780,30
239,1048,310L Classroom - Conference Room,1020,60
239,1049,320P Classroom - Conference Room,690,60
239,1049,320P Classroom - Conference Room,765,60
239,1049,320P Classroom - Conference Room,1035,105
239,1049,320P Classroom - Conference Room,900,60
239,1050,341 Classroom,615,60
239,1050,341 Classroom,915,60
239,1050,341 Classroom,690,60
239,1050,341 Classroom,765,60
239,1050,341 Classroom,840,60
239,1050,341 Classroom,465,60
239,1050,341 Classroom,540,60
239,1051,347 Classroom,840,60
239,1051,347 Classroom,690,60
239,1051,347 Classroom,765,60
239,1051,347 Classroom,615,60
239,1051,347 Classroom,540,60
239,1051,347 Classroom,915,60
239,1051,347 Classroom,990,120
239,1052,353 Classroom,615,60
239,1052,353 Classroom,915,60
239,1052,353 Classroom,840,60
239,1052,353 Classroom,690,60
239,1052,353 Classroom,540,60
239,1052,353 Classroom,765,60
239,1052,353 Classroom,990,120
239,1053,356 Classroom,765,60
239,1053,356 Classroom,690,60
239,1053,356 Classroom,615,60
239,1053,356 Classroom,465,60
239,1053,356 Classroom,915,60
239,1053,356 Classroom,990,120
239,1053,356 Classroom,840,60
239,1058,361 Classroom,840,60
239,1058,361 Classroom,1080,150
239,1058,361 Classroom,765,60
239,1058,361 Classroom,615,120
239,1058,361 Classroom,540,60
239,1058,361 Classroom,915,60
239,1174,361/367 Classroom Combo,840,60
239,1174,361/367 Classroom Combo,1080,150
239,1174,361/367 Classroom Combo,1080,150
239,1174,361/367 Classroom Combo,840,60
239,1174,361/367 Classroom Combo,765,60
239,1174,361/367 Classroom Combo,615,120
239,1174,361/367 Classroom Combo,540,60
239,1174,361/367 Classroom Combo,540,60
239,1174,361/367 Classroom Combo,915,60
239,1174,361/367 Classroom Combo,765,60
239,1174,361/367 Classroom Combo,615,60
239,1174,361/367 Classroom Combo,690,60
239,1174,361/367 Classroom Combo,1020,60
239,1059,367 Classroom,1080,150
239,1059,367 Classroom,840,60
239,1059,367 Classroom,540,60
239,1059,367 Classroom,765,60
239,1059,367 Classroom,615,60
239,1059,367 Classroom,690,60
239,1059,367 Classroom,1020,60
239,1057,375 Classroom,690,60
239,1057,375 Classroom,765,60
239,1057,375 Classroom,540,60
239,1057,375 Classroom,615,60
239,1057,375 Classroom,840,60
239,1057,375 Classroom,915,60
239,1057,375 Classroom,1050,90
239,1224,375/385/394/398 Classroom Combo,690,60
239,1224,375/385/394/398 Classroom Combo,615,60
239,1224,375/385/394/398 Classroom Combo,690,60
239,1224,375/385/394/398 Classroom Combo,690,60
239,1224,375/385/394/398 Classroom Combo,915,60
239,1224,375/385/394/398 Classroom Combo,765,60
239,1224,375/385/394/398 Classroom Combo,765,60
239,1224,375/385/394/398 Classroom Combo,540,60
239,1224,375/385/394/398 Classroom Combo,615,60
239,1224,375/385/394/398 Classroom Combo,540,60
239,1224,375/385/394/398 Classroom Combo,840,60
239,1224,375/385/394/398 Classroom Combo,915,60
239,1224,375/385/394/398 Classroom Combo,915,60
239,1224,375/385/394/398 Classroom Combo,615,60
239,1224,375/385/394/398 Classroom Combo,840,60
239,1224,375/385/394/398 Classroom Combo,915,60
239,1224,375/385/394/398 Classroom Combo,540,60
239,1224,375/385/394/398 Classroom Combo,765,60
239,1224,375/385/394/398 Classroom Combo,840,60
239,1224,375/385/394/398 Classroom Combo,1050,90
239,1224,375/385/394/398 Classroom Combo,840,60
239,1224,375/385/394/398 Classroom Combo,690,60
239,1224,375/385/394/398 Classroom Combo,765,60
239,1224,375/385/394/398 Classroom Combo,540,135
239,1176,375/398 Classroom Combo,690,60
239,1176,375/398 Classroom Combo,765,60
239,1176,375/398 Classroom Combo,540,60
239,1176,375/398 Classroom Combo,615,60
239,1176,375/398 Classroom Combo,540,60
239,1176,375/398 Classroom Combo,840,60
239,1176,375/398 Classroom Combo,915,60
239,1176,375/398 Classroom Combo,915,60
239,1176,375/398 Classroom Combo,615,60
239,1176,375/398 Classroom Combo,765,60
239,1176,375/398 Classroom Combo,840,60
239,1176,375/398 Classroom Combo,1050,90
239,1176,375/398 Classroom Combo,690,60
239,1054,385 Classroom,615,60
239,1054,385 Classroom,690,60
239,1054,385 Classroom,765,60
239,1054,385 Classroom,840,60
239,1054,385 Classroom,915,60
239,1054,385 Classroom,540,60
239,1054,385 Classroom,1050,90
239,1175,385/394 Classroom Combo,615,60
239,1175,385/394 Classroom Combo,690,60
239,1175,385/394 Classroom Combo,690,60
239,1175,385/394 Classroom Combo,915,60
239,1175,385/394 Classroom Combo,765,60
239,1175,385/394 Classroom Combo,840,60
239,1175,385/394 Classroom Combo,915,60
239,1175,385/394 Classroom Combo,540,60
239,1175,385/394 Classroom Combo,1050,90
239,1175,385/394 Classroom Combo,840,60
239,1175,385/394 Classroom Combo,765,60
239,1175,385/394 Classroom Combo,540,135
239,1055,394 Classroom,690,60
239,1055,394 Classroom,915,60
239,1055,394 Classroom,1050,90
239,1055,394 Classroom,840,60
239,1055,394 Classroom,765,60
239,1055,394 Classroom,540,135
239,1056,398 Classroom,540,60
239,1056,398 Classroom,915,60
239,1056,398 Classroom,615,60
239,1056,398 Classroom,765,60
239,1056,398 Classroom,840,60
239,1056,398 Classroom,1050,90
239,1056,398 Classroom,690,60
239,1211,BTH203 Main Entrance,630,30
17,309,122 Classroom,1020,120
17,309,122 Classroom,915,90
17,309,122 Classroom,795,90
17,309,122 Classroom,585,90
17,309,122 Classroom,480,90
17,309,122 Classroom,690,90
17,310,123 Computer Lab,600,660
17,312,129 Classroom,1080,120
17,312,129 Classroom,990,90
17,312,129 Classroom,585,90
17,312,129 Classroom,690,90
17,312,129 Classroom,795,90
17,312,129 Classroom,480,90
17,313,131 Classroom,690,60
17,313,131 Classroom,915,60
17,313,131 Classroom,840,60
17,313,131 Classroom,540,60
17,313,131 Classroom,615,60
17,313,131 Classroom,765,60
17,315,220 Classroom - laptop,690,60
17,315,220 Classroom - laptop,795,90
17,315,220 Classroom - laptop,915,90
17,315,220 Classroom - laptop,540,60
17,315,220 Classroom - laptop,615,60
17,316,222 Classroom - laptop,795,90
17,316,222 Classroom - laptop,915,90
17,316,222 Classroom - laptop,480,90
17,316,222 Classroom - laptop,585,90
17,316,222 Classroom - laptop,690,90
17,317,223 Conference  Room,690,60
17,317,223 Conference  Room,750,60
17,318,240 Classroom,840,60
17,318,240 Classroom,915,60
17,318,240 Classroom,540,60
17,318,240 Classroom,765,60
17,318,240 Classroom,1020,90
17,318,240 Classroom,615,60
17,318,240 Classroom,690,60
17,1238,244 Classroom,1035,60
17,1238,244 Classroom,690,90
17,1238,244 Classroom,540,60
17,1238,244 Classroom,915,60
17,1238,244 Classroom,840,60
17,1238,244 Classroom,615,60
17,1274,244/250 Combo,1035,60
17,1274,244/250 Combo,915,90
17,1274,244/250 Combo,840,60
17,1274,244/250 Combo,690,90
17,1274,244/250 Combo,540,60
17,1274,244/250 Combo,615,60
17,1274,244/250 Combo,540,60
17,1274,244/250 Combo,765,60
17,1274,244/250 Combo,915,60
17,1274,244/250 Combo,840,60
17,1274,244/250 Combo,690,60
17,1274,244/250 Combo,615,60
17,1240,250 Classroom,1035,60
17,1240,250 Classroom,915,90
17,1240,250 Classroom,840,60
17,1240,250 Classroom,615,60
17,1240,250 Classroom,540,60
17,1240,250 Classroom,765,60
17,1240,250 Classroom,690,60
17,1239,256 Classroom,900,180
17,1239,256 Classroom,690,60
17,1239,256 Classroom,840,60
17,1239,256 Classroom,765,60
17,1239,256 Classroom,615,60
17,1239,256 Classroom,540,60
17,319,263 Computer Lab,540,60
17,319,263 Computer Lab,765,60
17,319,263 Computer Lab,840,60
17,319,263 Computer Lab,615,60
17,319,263 Computer Lab,690,60
17,320,265 Classroom,840,60
17,320,265 Classroom,915,60
17,320,265 Classroom,690,60
17,320,265 Classroom,540,60
17,320,265 Classroom,765,60
17,320,265 Classroom,615,60
17,321,268 Computer Lab,615,60
17,321,268 Computer Lab,690,60
17,321,268 Computer Lab,540,60
17,321,268 Computer Lab,765,60
17,321,268 Computer Lab,915,60
17,321,268 Computer Lab,840,60
17,322,272 Conference Room,1020,60
17,323,278 Classroom,540,60
17,323,278 Classroom,615,60
17,323,278 Classroom,690,60
17,323,278 Classroom,765,60
17,323,278 Classroom,840,60
17,323,278 Classroom,915,60
17,324,286 Classroom,690,90
17,324,286 Classroom,585,90
17,324,286 Classroom,1020,120
17,324,286 Classroom,915,90
17,324,286 Classroom,795,90
17,326,302 Classroom,540,60
17,326,302 Classroom,840,60
17,326,302 Classroom,765,60
17,326,302 Classroom,615,60
17,326,302 Classroom,1140,180
17,327,322 Classroom,540,60
17,327,322 Classroom,615,60
17,327,322 Classroom,690,60
17,327,322 Classroom,765,60
17,327,322 Classroom,840,60
17,328,323 Classroom,540,60
17,328,323 Classroom,615,60
17,328,323 Classroom,765,60
17,328,323 Classroom,840,60
17,328,323 Classroom,915,60
17,329,326 Classroom,690,90
17,329,326 Classroom,615,60
17,329,326 Classroom,540,60
17,330,330 Classroom,615,60
17,330,330 Classroom,540,60
17,330,330 Classroom,765,60
17,330,330 Classroom,840,60
17,330,330 Classroom,690,60
17,331,331 Classroom,690,90
17,331,331 Classroom,795,90
17,331,331 Classroom,615,60
17,331,331 Classroom,480,120
17,332,340 Classroom - laptop,915,60
17,332,340 Classroom - laptop,690,90
17,332,340 Classroom - laptop,1080,60
17,332,340 Classroom - laptop,480,90
17,332,340 Classroom - laptop,585,90
17,333,345 Classroom - laptop,765,60
17,333,345 Classroom - laptop,690,60
17,333,345 Classroom - laptop,615,60
17,333,345 Classroom - laptop,1140,120
17,334,346 Classroom,690,60
17,334,346 Classroom,765,60
17,334,346 Classroom,840,60
17,334,346 Classroom,915,60
17,334,346 Classroom,615,60
17,334,346 Classroom,540,60
17,334,346 Classroom,465,60
17,335,355 Classroom,615,60
17,335,355 Classroom,840,60
17,335,355 Classroom,540,60
17,335,355 Classroom,765,60
17,335,355 Classroom,690,60
17,336,357 Classroom,840,60
17,336,357 Classroom,765,60
17,336,357 Classroom,915,60
17,336,357 Classroom,690,60
17,336,357 Classroom,540,60
17,336,357 Classroom,615,60
17,336,357 Classroom,1065,60
17,336,357 Classroom,990,60
17,337,364 Classroom,690,60
17,337,364 Classroom,765,60
17,337,364 Classroom,465,60
17,337,364 Classroom,615,60
17,337,364 Classroom,540,60
17,337,364 Classroom,840,60
17,339,380 Classroom,915,90
17,339,380 Classroom,690,60
17,339,380 Classroom,840,60
17,339,380 Classroom,465,60
17,339,380 Classroom,540,60
17,339,380 Classroom,765,60
17,339,380 Classroom,615,60
17,340,383 Classroom,465,60
17,340,383 Classroom,540,60
17,340,383 Classroom,615,60
17,340,383 Classroom,690,60
17,340,383 Classroom,765,495
17,341,404 Classroom,840,60
17,341,404 Classroom,765,60
17,341,404 Classroom,615,60
17,341,404 Classroom,690,60
17,341,404 Classroom,465,60
17,342,422 Classroom - laptop,840,60
17,342,422 Classroom - laptop,540,60
17,342,422 Classroom - laptop,615,60
17,342,422 Classroom - laptop,465,60
17,342,422 Classroom - laptop,765,60
17,343,431 Classroom,690,60
17,343,431 Classroom,615,60
17,343,431 Classroom,540,60
17,343,431 Classroom,465,60
17,343,431 Classroom,765,60
17,343,431 Classroom,840,60
17,343,431 Classroom,915,60
17,344,440 Classroom - laptop,765,60
17,344,440 Classroom - laptop,540,60
17,344,440 Classroom - laptop,840,60
17,344,440 Classroom - laptop,615,60
17,344,440 Classroom - laptop,690,60
17,344,440 Classroom - laptop,1020,120
17,344,440 Classroom - laptop,915,90
17,345,442 Classroom - laptop,900,90
17,345,442 Classroom - laptop,1020,60
17,345,442 Classroom - laptop,615,60
17,345,442 Classroom - laptop,840,60
17,345,442 Classroom - laptop,690,60
17,345,442 Classroom - laptop,765,60
17,468,444 Classroom - laptop,900,150
17,468,444 Classroom - laptop,795,90
17,468,444 Classroom - laptop,615,60
17,468,444 Classroom - laptop,480,120
17,1232,447 Classroom,540,60
17,1232,447 Classroom,780,150
17,1232,447 Classroom,615,60
17,469,448 Classroom - laptop,960,60
17,469,448 Classroom - laptop,825,120
17,346,453 Classroom - laptop,795,90
17,346,453 Classroom - laptop,1020,60
17,346,453 Classroom - laptop,915,90
17,346,453 Classroom - laptop,690,60
17,346,453 Classroom - laptop,540,60
17,346,453 Classroom - laptop,615,60
17,347,468 Classroom,1020,120
17,347,468 Classroom,915,90
17,347,468 Classroom,585,90
17,347,468 Classroom,795,90
17,347,468 Classroom,480,90
17,347,468 Classroom,690,90
17,348,476 Classroom - laptop,795,90
17,348,476 Classroom - laptop,915,120
17,348,476 Classroom - laptop,690,90
17,348,476 Classroom - laptop,585,90
17,348,476 Classroom - laptop,480,90
17,349,478 Classroom - laptop,585,90
17,349,478 Classroom - laptop,915,90
17,349,478 Classroom - laptop,480,90
17,349,478 Classroom - laptop,1005,105
17,349,478 Classroom - laptop,690,90
17,349,478 Classroom - laptop,795,90
17,483,Foyer Booth,660,180
18,350,020 Classroom and Make-up,885,30
18,350,020 Classroom and Make-up,615,135
18,350,020 Classroom and Make-up,765,120
18,351,102 Classroom,1080,240
18,351,102 Classroom,690,60
18,351,102 Classroom,540,60
18,351,102 Classroom,795,90
18,351,102 Classroom,615,60
18,351,102 Classroom,750,30
18,351,102 Classroom,915,90
18,354,115 Drama Theatre,0,1170
18,356,136 Barrus Concert Hall,915,60
18,356,136 Barrus Concert Hall,690,60
18,356,136 Barrus Concert Hall,615,60
18,356,136 Barrus Concert Hall,990,60
18,356,136 Barrus Concert Hall,765,135
18,356,136 Barrus Concert Hall,540,60
18,356,136 Barrus Concert Hall,1050,90
18,358,159 Music Theory,690,60
18,358,159 Music Theory,765,60
18,358,159 Music Theory,840,60
18,358,159 Music Theory,915,60
18,358,159 Music Theory,990,60
18,358,159 Music Theory,465,60
18,358,159 Music Theory,540,60
18,359,181 Ensemble Hall,540,60
18,359,181 Ensemble Hall,915,60
18,359,181 Ensemble Hall,990,60
18,359,181 Ensemble Hall,690,60
18,359,181 Ensemble Hall,765,135
18,359,181 Ensemble Hall,465,60
18,359,181 Ensemble Hall,615,60
18,359,181 Ensemble Hall,1050,120
18,360,185 Classroom,915,60
18,360,185 Classroom,540,60
18,360,185 Classroom,615,60
18,360,185 Classroom,1140,60
18,360,185 Classroom,465,60
18,360,185 Classroom,990,135
18,360,185 Classroom,840,60
18,360,185 Classroom,765,60
18,364,220 Classroom ,840,60
18,364,220 Classroom ,615,60
18,364,220 Classroom ,690,60
18,364,220 Classroom ,990,60
18,364,220 Classroom ,765,60
18,366,269 Recital Hall,915,60
18,366,269 Recital Hall,765,60
18,366,269 Recital Hall,990,60
18,366,269 Recital Hall,540,60
18,366,269 Recital Hall,840,60
18,366,269 Recital Hall,690,60
18,366,269 Recital Hall,1110,60
18,366,269 Recital Hall,615,60
18,367,270 Lecture,765,60
18,367,270 Lecture,990,60
18,367,270 Lecture,615,60
18,367,270 Lecture,840,60
18,367,270 Lecture,915,60
18,367,270 Lecture,540,60
18,367,270 Lecture,690,60
18,368,274 Classroom,840,60
18,368,274 Classroom,990,60
18,368,274 Classroom,465,60
18,368,274 Classroom,690,60
18,368,274 Classroom,765,60
18,368,274 Classroom,915,60
18,368,274 Classroom,540,60
19,99,014 Computer Lab,690,180
19,99,014 Computer Lab,495,180
19,99,014 Computer Lab,885,180
19,100,035 Lecture Hall,840,60
19,100,035 Lecture Hall,765,60
19,100,035 Lecture Hall,990,180
19,100,035 Lecture Hall,690,60
19,100,035 Lecture Hall,615,60
19,100,035 Lecture Hall,540,60
19,102,071 Classroom  ,690,90
19,102,071 Classroom  ,1065,90
19,102,071 Classroom  ,795,90
19,102,071 Classroom  ,480,120
19,103,107 Computer Lab  ,990,180
19,103,107 Computer Lab  ,690,120
19,103,107 Computer Lab  ,840,120
19,103,107 Computer Lab  ,585,90
19,103,107 Computer Lab  ,480,90
19,104,136 Classroom,1050,180
19,104,136 Classroom,915,60
19,104,136 Classroom,840,60
19,104,136 Classroom,765,60
19,104,136 Classroom,990,60
19,104,136 Classroom,690,60
19,104,136 Classroom,480,120
19,105,137 Classroom,465,60
19,105,137 Classroom,540,60
19,105,137 Classroom,615,60
19,105,137 Classroom,690,60
19,105,137 Classroom,765,60
19,105,137 Classroom,840,60
19,105,137 Classroom,915,180
19,107,265 Classroom,540,60
19,107,265 Classroom,615,60
19,107,265 Classroom,690,90
19,107,265 Classroom,795,90
19,108,271 Classroom,840,60
19,108,271 Classroom,540,60
19,108,271 Classroom,615,60
19,108,271 Classroom,465,60
19,108,271 Classroom,690,60
19,108,271 Classroom,765,60
22,34,100 Lecture Hall,765,60
22,34,100 Lecture Hall,690,60
22,34,100 Lecture Hall,915,60
22,34,100 Lecture Hall,840,60
22,34,100 Lecture Hall,465,60
22,34,100 Lecture Hall,540,60
22,34,100 Lecture Hall,615,60
22,35,105 Lecture Hall,915,60
22,35,105 Lecture Hall,765,60
22,35,105 Lecture Hall,540,60
22,35,105 Lecture Hall,465,60
22,35,105 Lecture Hall,690,60
22,35,105 Lecture Hall,615,60
22,36,106 Lecture Hall,915,60
22,36,106 Lecture Hall,840,60
22,36,106 Lecture Hall,615,60
22,36,106 Lecture Hall,465,60
22,36,106 Lecture Hall,540,60
22,36,106 Lecture Hall,765,60
22,36,106 Lecture Hall,690,60
22,37,111 Lecture Hall,615,60
22,37,111 Lecture Hall,1020,120
22,37,111 Lecture Hall,540,60
22,37,111 Lecture Hall,765,60
22,37,111 Lecture Hall,465,60
22,37,111 Lecture Hall,690,60
22,37,111 Lecture Hall,840,60
22,38,120 Lecture Hall,765,60
22,38,120 Lecture Hall,690,60
22,38,120 Lecture Hall,990,180
22,38,120 Lecture Hall,465,60
22,38,120 Lecture Hall,615,60
22,38,120 Lecture Hall,540,60
22,39,130 Classroom,840,60
22,39,130 Classroom,615,60
22,39,130 Classroom,540,60
22,39,130 Classroom,465,60
22,39,130 Classroom,1080,60
22,39,130 Classroom,765,60
22,39,130 Classroom,690,60
22,40,140 Lecture Hall,690,60
22,40,140 Lecture Hall,765,60
22,40,140 Lecture Hall,615,60
22,40,140 Lecture Hall,540,60
22,40,140 Lecture Hall,465,60
22,40,140 Lecture Hall,915,60
22,40,140 Lecture Hall,840,60
22,41,144 Lecture Hall,840,60
22,41,144 Lecture Hall,615,60
22,41,144 Lecture Hall,765,60
22,41,144 Lecture Hall,465,60
22,41,144 Lecture Hall,690,60
22,41,144 Lecture Hall,915,60
22,41,144 Lecture Hall,540,60
22,42,146 Lecture Hall,615,60
22,42,146 Lecture Hall,840,60
22,42,146 Lecture Hall,765,60
22,42,146 Lecture Hall,690,60
22,42,146 Lecture Hall,540,60
22,42,146 Lecture Hall,465,60
22,43,147 Classroom,1020,90
22,43,147 Classroom,915,60
22,43,147 Classroom,540,60
22,43,147 Classroom,615,60
22,43,147 Classroom,840,60
22,43,147 Classroom,690,60
22,43,147 Classroom,765,60
22,45,160 Cultural Hall,1080,60
22,436,160/170/180 Cultural Hall,1080,60
22,46,170 Cultural Hall,1080,60
22,52,237 Conference,840,60
22,52,237 Conference,690,60
22,52,237 Conference,540,60
22,52,237 Conference,765,60
22,53,247 Lecture Hall,840,60
22,53,247 Lecture Hall,540,60
22,53,247 Lecture Hall,690,60
22,53,247 Lecture Hall,615,60
22,53,247 Lecture Hall,465,60
22,53,247 Lecture Hall,915,60
22,53,247 Lecture Hall,765,60
22,54,248 Lecture Hall,1020,90
22,54,248 Lecture Hall,540,60
22,54,248 Lecture Hall,615,60
22,54,248 Lecture Hall,690,60
22,54,248 Lecture Hall,840,60
22,54,248 Lecture Hall,915,60
22,54,248 Lecture Hall,765,60
22,56,249 Lecture Hall,765,60
22,56,249 Lecture Hall,690,60
22,56,249 Lecture Hall,465,60
22,56,249 Lecture Hall,615,60
22,56,249 Lecture Hall,915,60
22,56,249 Lecture Hall,840,60
22,56,249 Lecture Hall,540,60
22,57,275 Lecture Hall,615,60
22,57,275 Lecture Hall,765,60
22,57,275 Lecture Hall,690,60
22,57,275 Lecture Hall,540,60
22,57,275 Lecture Hall,465,60
22,57,275 Lecture Hall,915,60
22,57,275 Lecture Hall,840,60
22,58,276 Lecture Hall,465,60
22,58,276 Lecture Hall,915,60
22,58,276 Lecture Hall,540,60
22,58,276 Lecture Hall,615,60
22,58,276 Lecture Hall,690,60
22,58,276 Lecture Hall,765,90
22,59,278 Lecture Hall,765,60
22,59,278 Lecture Hall,915,60
22,59,278 Lecture Hall,840,60
22,59,278 Lecture Hall,690,60
22,59,278 Lecture Hall,615,60
22,59,278 Lecture Hall,540,60
22,59,278 Lecture Hall,465,60
22,448,Chapel/Cultural Hall,1080,60
